danceability,energy,key,loudness,mode,speechiness,acousticness,instrumentalness,liveness,valence,tempo,type,id,uri,track_href,analysis_url,duration_ms,time_signature
0.561,0.604,9,-4.409,1,0.0337,0.199,1.9e-05,0.104,0.242,159.92,audio_features,17phhZDn6oGtzMe56NuWvj,spotify:track:17phhZDn6oGtzMe56NuWvj,https://api.spotify.com/v1/tracks/17phhZDn6oGtzMe56NuWvj,https://api.spotify.com/v1/audio-analysis/17phhZDn6oGtzMe56NuWvj,210689,3
0.775,0.662,10,-7.755,1,0.0408,0.117,0.0648,0.0928,0.257,112.014,audio_features,4nFrcGM7MY1mpoQCC7Kefj,spotify:track:4nFrcGM7MY1mpoQCC7Kefj,https://api.spotify.com/v1/tracks/4nFrcGM7MY1mpoQCC7Kefj,https://api.spotify.com/v1/audio-analysis/4nFrcGM7MY1mpoQCC7Kefj,192936,4
0.432,0.583,8,-4.682,1,0.0687,0.174,0.0,0.0933,0.544,181.489,audio_features,6WO7IDGLakjO38lsvI2gHB,spotify:track:6WO7IDGLakjO38lsvI2gHB,https://api.spotify.com/v1/tracks/6WO7IDGLakjO38lsvI2gHB,https://api.spotify.com/v1/audio-analysis/6WO7IDGLakjO38lsvI2gHB,161831,4
0.752,0.8,1,-8.945,1,0.038,0.0209,0.000982,0.224,0.252,113.013,audio_features,2ee1Pa7Gs7lIGRXrl217IG,spotify:track:2ee1Pa7Gs7lIGRXrl217IG,https://api.spotify.com/v1/tracks/2ee1Pa7Gs7lIGRXrl217IG,https://api.spotify.com/v1/audio-analysis/2ee1Pa7Gs7lIGRXrl217IG,382334,4
0.625,0.576,11,-5.693,0,0.175,0.0543,4.07e-05,0.187,0.235,179.063,audio_features,25cUhiAod71TIQSNicOaW3,spotify:track:25cUhiAod71TIQSNicOaW3,https://api.spotify.com/v1/tracks/25cUhiAod71TIQSNicOaW3,https://api.spotify.com/v1/audio-analysis/25cUhiAod71TIQSNicOaW3,193147,4
0.525,0.433,6,-10.598,1,0.185,0.107,0.0,0.135,0.276,160.108,audio_features,43PuMrRfbyyuz4QpZ3oAwN,spotify:track:43PuMrRfbyyuz4QpZ3oAwN,https://api.spotify.com/v1/tracks/43PuMrRfbyyuz4QpZ3oAwN,https://api.spotify.com/v1/audio-analysis/43PuMrRfbyyuz4QpZ3oAwN,194613,4
0.604,0.284,0,-16.991,1,0.0958,0.0437,0.0467,0.0573,0.14,112.993,audio_features,4xXHrIiIeW7dMh5FoYI5m1,spotify:track:4xXHrIiIeW7dMh5FoYI5m1,https://api.spotify.com/v1/tracks/4xXHrIiIeW7dMh5FoYI5m1,https://api.spotify.com/v1/audio-analysis/4xXHrIiIeW7dMh5FoYI5m1,331697,4
0.622,0.593,7,-8.352,0,0.0916,0.163,0.0,0.0979,0.607,94.364,audio_features,5WphWTUIfRe7x8NZss79cY,spotify:track:5WphWTUIfRe7x8NZss79cY,https://api.spotify.com/v1/tracks/5WphWTUIfRe7x8NZss79cY,https://api.spotify.com/v1/audio-analysis/5WphWTUIfRe7x8NZss79cY,249093,4
0.878,0.722,9,-6.917,1,0.0473,0.366,0.00311,0.141,0.57,117.967,audio_features,1IMRi5UVOV77PsAgdWDvzh,spotify:track:1IMRi5UVOV77PsAgdWDvzh,https://api.spotify.com/v1/tracks/1IMRi5UVOV77PsAgdWDvzh,https://api.spotify.com/v1/audio-analysis/1IMRi5UVOV77PsAgdWDvzh,136133,4
0.424,0.529,1,-9.78,1,0.302,0.0914,9.45e-06,0.137,0.249,73.001,audio_features,6NXG22PY2M8tdRU5WNKGjn,spotify:track:6NXG22PY2M8tdRU5WNKGjn,https://api.spotify.com/v1/tracks/6NXG22PY2M8tdRU5WNKGjn,https://api.spotify.com/v1/audio-analysis/6NXG22PY2M8tdRU5WNKGjn,194811,4
0.697,0.643,5,-10.253,0,0.0384,0.0709,0.584,0.101,0.748,118.004,audio_features,5yyYL1FpimADTIftYQU0cg,spotify:track:5yyYL1FpimADTIftYQU0cg,https://api.spotify.com/v1/tracks/5yyYL1FpimADTIftYQU0cg,https://api.spotify.com/v1/audio-analysis/5yyYL1FpimADTIftYQU0cg,410847,4
0.559,0.551,5,-7.231,1,0.132,0.141,0.0,0.11,0.392,143.008,audio_features,4iZ4pt7kvcaH6Yo8UoZ4s2,spotify:track:4iZ4pt7kvcaH6Yo8UoZ4s2,https://api.spotify.com/v1/tracks/4iZ4pt7kvcaH6Yo8UoZ4s2,https://api.spotify.com/v1/audio-analysis/4iZ4pt7kvcaH6Yo8UoZ4s2,201800,4
0.406,0.5,4,-8.452,0,0.0501,0.192,0.0,0.175,0.0905,157.984,audio_features,3XqM8hLCEYlbnFjoWwqtFv,spotify:track:3XqM8hLCEYlbnFjoWwqtFv,https://api.spotify.com/v1/tracks/3XqM8hLCEYlbnFjoWwqtFv,https://api.spotify.com/v1/audio-analysis/3XqM8hLCEYlbnFjoWwqtFv,306847,4
0.727,0.711,2,-6.549,1,0.078,0.582,0.0,0.158,0.375,110.012,audio_features,7wLShogStyDeZvL0a6daN5,spotify:track:7wLShogStyDeZvL0a6daN5,https://api.spotify.com/v1/tracks/7wLShogStyDeZvL0a6daN5,https://api.spotify.com/v1/audio-analysis/7wLShogStyDeZvL0a6daN5,233457,4
0.76,0.877,1,-6.692,1,0.0497,0.154,0.0612,0.27,0.642,112.981,audio_features,1p77bVbZdKaMv4CgRys5Gu,spotify:track:1p77bVbZdKaMv4CgRys5Gu,https://api.spotify.com/v1/tracks/1p77bVbZdKaMv4CgRys5Gu,https://api.spotify.com/v1/audio-analysis/1p77bVbZdKaMv4CgRys5Gu,322793,4
0.822,0.571,1,-11.215,0,0.0527,0.00391,0.0572,0.0518,0.547,112.998,audio_features,1ng4byy7mejezJ08hs4P7R,spotify:track:1ng4byy7mejezJ08hs4P7R,https://api.spotify.com/v1/tracks/1ng4byy7mejezJ08hs4P7R,https://api.spotify.com/v1/audio-analysis/1ng4byy7mejezJ08hs4P7R,413839,4
0.867,0.783,4,-3.687,1,0.0522,0.0332,3.96e-05,0.0196,0.577,113.013,audio_features,6OGNF7mro80pMi5q1HhylS,spotify:track:6OGNF7mro80pMi5q1HhylS,https://api.spotify.com/v1/tracks/6OGNF7mro80pMi5q1HhylS,https://api.spotify.com/v1/audio-analysis/6OGNF7mro80pMi5q1HhylS,390874,4
0.75,0.733,6,-3.18,0,0.0319,0.256,0.0,0.114,0.844,111.018,audio_features,3rUGC1vUpkDG9CZFHMur1t,spotify:track:3rUGC1vUpkDG9CZFHMur1t,https://api.spotify.com/v1/tracks/3rUGC1vUpkDG9CZFHMur1t,https://api.spotify.com/v1/audio-analysis/3rUGC1vUpkDG9CZFHMur1t,131872,1
0.569,0.882,3,-2.777,0,0.06,0.0316,0.0,0.142,0.201,148.038,audio_features,42VsgItocQwOQC3XWZ8JNA,spotify:track:42VsgItocQwOQC3XWZ8JNA,https://api.spotify.com/v1/tracks/42VsgItocQwOQC3XWZ8JNA,https://api.spotify.com/v1/audio-analysis/42VsgItocQwOQC3XWZ8JNA,191701,4
0.785,0.471,1,-12.497,1,0.0468,0.0133,0.688,0.119,0.497,112.991,audio_features,4J1H4EuucGhhYfcPpYCBRr,spotify:track:4J1H4EuucGhhYfcPpYCBRr,https://api.spotify.com/v1/tracks/4J1H4EuucGhhYfcPpYCBRr,https://api.spotify.com/v1/audio-analysis/4J1H4EuucGhhYfcPpYCBRr,492617,4
0.831,0.556,7,-6.794,1,0.0523,0.0527,0.0425,0.025,0.478,113.009,audio_features,3E1PwVodPiDbBHOI85CO9M,spotify:track:3E1PwVodPiDbBHOI85CO9M,https://api.spotify.com/v1/tracks/3E1PwVodPiDbBHOI85CO9M,https://api.spotify.com/v1/audio-analysis/3E1PwVodPiDbBHOI85CO9M,407804,4
0.89,0.629,5,-8.598,0,0.0537,0.0316,0.00417,0.0775,0.237,112.007,audio_features,48lcmlbwm4VHcOfXqWlVbx,spotify:track:48lcmlbwm4VHcOfXqWlVbx,https://api.spotify.com/v1/tracks/48lcmlbwm4VHcOfXqWlVbx,https://api.spotify.com/v1/audio-analysis/48lcmlbwm4VHcOfXqWlVbx,368666,4
0.837,0.462,0,-7.89,1,0.0601,0.0339,0.0,0.09,0.762,139.986,audio_features,3LmvfNUQtglbTrydsdIqFU,spotify:track:3LmvfNUQtglbTrydsdIqFU,https://api.spotify.com/v1/tracks/3LmvfNUQtglbTrydsdIqFU,https://api.spotify.com/v1/audio-analysis/3LmvfNUQtglbTrydsdIqFU,201400,4
0.546,0.617,6,-9.201,1,0.0445,0.607,0.0,0.0808,0.902,159.959,audio_features,7vJeWQbUUEDFLmcBrKcql9,spotify:track:7vJeWQbUUEDFLmcBrKcql9,https://api.spotify.com/v1/tracks/7vJeWQbUUEDFLmcBrKcql9,https://api.spotify.com/v1/audio-analysis/7vJeWQbUUEDFLmcBrKcql9,253518,3
0.687,0.763,5,-6.743,1,0.0471,0.558,0.0,0.0815,0.889,99.954,audio_features,35lQ8xcFeCtd774uGATowi,spotify:track:35lQ8xcFeCtd774uGATowi,https://api.spotify.com/v1/tracks/35lQ8xcFeCtd774uGATowi,https://api.spotify.com/v1/audio-analysis/35lQ8xcFeCtd774uGATowi,197590,4
0.705,0.717,8,-8.33,1,0.0575,0.798,0.0,0.0909,0.901,156.007,audio_features,5xUYusAelhmjZHvFgNi7ks,spotify:track:5xUYusAelhmjZHvFgNi7ks,https://api.spotify.com/v1/tracks/5xUYusAelhmjZHvFgNi7ks,https://api.spotify.com/v1/audio-analysis/5xUYusAelhmjZHvFgNi7ks,266762,3
0.789,0.589,3,-10.329,1,0.0995,0.239,0.0,0.0986,0.736,95.946,audio_features,44oMLM8b9cFDiHOzRYyQzr,spotify:track:44oMLM8b9cFDiHOzRYyQzr,https://api.spotify.com/v1/tracks/44oMLM8b9cFDiHOzRYyQzr,https://api.spotify.com/v1/audio-analysis/44oMLM8b9cFDiHOzRYyQzr,287923,4
0.679,0.4,4,-12.526,0,0.0358,0.425,0.0,0.0938,0.573,115.923,audio_features,06QIs5gFTfNUiglDWY6FqM,spotify:track:06QIs5gFTfNUiglDWY6FqM,https://api.spotify.com/v1/tracks/06QIs5gFTfNUiglDWY6FqM,https://api.spotify.com/v1/audio-analysis/06QIs5gFTfNUiglDWY6FqM,368952,4
0.662,0.556,3,-5.218,1,0.0483,0.741,0.0,0.0398,0.536,124.924,audio_features,1xM6MdkOGqvsEcBD0ZtgOS,spotify:track:1xM6MdkOGqvsEcBD0ZtgOS,https://api.spotify.com/v1/tracks/1xM6MdkOGqvsEcBD0ZtgOS,https://api.spotify.com/v1/audio-analysis/1xM6MdkOGqvsEcBD0ZtgOS,429790,4
0.651,0.593,10,-12.433,1,0.0413,0.685,0.0279,0.622,0.938,154.582,audio_features,3VrI8G3YGjhkcB5xjMvwUc,spotify:track:3VrI8G3YGjhkcB5xjMvwUc,https://api.spotify.com/v1/tracks/3VrI8G3YGjhkcB5xjMvwUc,https://api.spotify.com/v1/audio-analysis/3VrI8G3YGjhkcB5xjMvwUc,299024,3
0.631,0.695,1,-8.146,1,0.162,0.106,2.39e-06,0.082,0.601,67.995,audio_features,7FEtVWknBewvHbwVY7tqP2,spotify:track:7FEtVWknBewvHbwVY7tqP2,https://api.spotify.com/v1/tracks/7FEtVWknBewvHbwVY7tqP2,https://api.spotify.com/v1/audio-analysis/7FEtVWknBewvHbwVY7tqP2,351990,4
0.658,0.766,10,-1.991,1,0.0394,0.0765,0.0,0.259,0.611,139.944,audio_features,3rvsanB7bU5pM0Xt7HwDct,spotify:track:3rvsanB7bU5pM0Xt7HwDct,https://api.spotify.com/v1/tracks/3rvsanB7bU5pM0Xt7HwDct,https://api.spotify.com/v1/audio-analysis/3rvsanB7bU5pM0Xt7HwDct,330288,4
0.364,0.509,8,-9.643,1,0.0336,0.12,5.49e-05,0.299,0.203,155.898,audio_features,70DfHuYKJCsPigAgrTevme,spotify:track:70DfHuYKJCsPigAgrTevme,https://api.spotify.com/v1/tracks/70DfHuYKJCsPigAgrTevme,https://api.spotify.com/v1/audio-analysis/70DfHuYKJCsPigAgrTevme,260847,3
0.629,0.811,5,-8.841,1,0.233,0.29,0.0,0.0681,0.96,174.085,audio_features,5Hw4aedCEYPkKGP4zy5G6b,spotify:track:5Hw4aedCEYPkKGP4zy5G6b,https://api.spotify.com/v1/tracks/5Hw4aedCEYPkKGP4zy5G6b,https://api.spotify.com/v1/audio-analysis/5Hw4aedCEYPkKGP4zy5G6b,374204,3
0.318,0.704,2,-6.2,1,0.163,0.104,0.0,0.381,0.724,90.253,audio_features,3mnY2iPVl3rtAqHtXpC2IC,spotify:track:3mnY2iPVl3rtAqHtXpC2IC,https://api.spotify.com/v1/tracks/3mnY2iPVl3rtAqHtXpC2IC,https://api.spotify.com/v1/audio-analysis/3mnY2iPVl3rtAqHtXpC2IC,547896,4
0.618,0.4,5,-9.593,1,0.031,0.362,0.0,0.109,0.395,116.298,audio_features,4C3hjF6fnl8Ge9iPTglSTw,spotify:track:4C3hjF6fnl8Ge9iPTglSTw,https://api.spotify.com/v1/tracks/4C3hjF6fnl8Ge9iPTglSTw,https://api.spotify.com/v1/audio-analysis/4C3hjF6fnl8Ge9iPTglSTw,343693,4
0.639,0.7,7,-5.915,1,0.0619,0.247,0.0,0.168,0.906,168.005,audio_features,5zFk2KXXEgsDLg8Vf92M7E,spotify:track:5zFk2KXXEgsDLg8Vf92M7E,https://api.spotify.com/v1/tracks/5zFk2KXXEgsDLg8Vf92M7E,https://api.spotify.com/v1/audio-analysis/5zFk2KXXEgsDLg8Vf92M7E,453616,4
0.529,0.681,8,-9.886,1,0.245,0.777,0.0,0.12,0.835,100.571,audio_features,5Ccqk3bdnO91yYEbMBK8Yj,spotify:track:5Ccqk3bdnO91yYEbMBK8Yj,https://api.spotify.com/v1/tracks/5Ccqk3bdnO91yYEbMBK8Yj,https://api.spotify.com/v1/audio-analysis/5Ccqk3bdnO91yYEbMBK8Yj,217548,4
0.624,0.888,4,-5.958,1,0.187,0.473,0.0,0.298,0.873,96.996,audio_features,7ai46a8WTY6KHvKMmt1MVZ,spotify:track:7ai46a8WTY6KHvKMmt1MVZ,https://api.spotify.com/v1/tracks/7ai46a8WTY6KHvKMmt1MVZ,https://api.spotify.com/v1/audio-analysis/7ai46a8WTY6KHvKMmt1MVZ,277502,4
0.713,0.722,1,-4.963,1,0.0691,0.501,0.0,0.111,0.734,110.566,audio_features,3tCpPbJ45lsL8aVMB9uOVN,spotify:track:3tCpPbJ45lsL8aVMB9uOVN,https://api.spotify.com/v1/tracks/3tCpPbJ45lsL8aVMB9uOVN,https://api.spotify.com/v1/audio-analysis/3tCpPbJ45lsL8aVMB9uOVN,285179,5
0.531,0.158,2,-13.822,1,0.0338,0.867,0.0,0.104,0.394,107.845,audio_features,4QQcSQUQwjyI3C11uBggpf,spotify:track:4QQcSQUQwjyI3C11uBggpf,https://api.spotify.com/v1/tracks/4QQcSQUQwjyI3C11uBggpf,https://api.spotify.com/v1/audio-analysis/4QQcSQUQwjyI3C11uBggpf,217966,4
0.738,0.756,8,-7.696,1,0.0403,0.449,0.00346,0.105,0.852,122.999,audio_features,261PDIPgSOq84L2HFmbiRj,spotify:track:261PDIPgSOq84L2HFmbiRj,https://api.spotify.com/v1/tracks/261PDIPgSOq84L2HFmbiRj,https://api.spotify.com/v1/audio-analysis/261PDIPgSOq84L2HFmbiRj,224784,4
0.342,0.734,2,-7.148,1,0.151,0.702,0.0,0.156,0.608,169.779,audio_features,3Ifk6fSKHf85nBA84Gmjus,spotify:track:3Ifk6fSKHf85nBA84Gmjus,https://api.spotify.com/v1/tracks/3Ifk6fSKHf85nBA84Gmjus,https://api.spotify.com/v1/audio-analysis/3Ifk6fSKHf85nBA84Gmjus,411873,3
0.565,0.719,9,-6.458,1,0.0986,0.383,0.0,0.16,0.886,122.876,audio_features,6PFspYvBY4Aon7UDraa5Jk,spotify:track:6PFspYvBY4Aon7UDraa5Jk,https://api.spotify.com/v1/tracks/6PFspYvBY4Aon7UDraa5Jk,https://api.spotify.com/v1/audio-analysis/6PFspYvBY4Aon7UDraa5Jk,291840,5
0.455,0.684,4,-5.723,1,0.0289,0.239,6.57e-06,0.336,0.627,134.868,audio_features,3d26CGbfUY0V0GaHqz7IIr,spotify:track:3d26CGbfUY0V0GaHqz7IIr,https://api.spotify.com/v1/tracks/3d26CGbfUY0V0GaHqz7IIr,https://api.spotify.com/v1/audio-analysis/3d26CGbfUY0V0GaHqz7IIr,326034,3
0.517,0.8,2,-6.141,1,0.234,0.686,0.0,0.119,0.771,113.018,audio_features,3KOz27AHGGgedo0zpyebtO,spotify:track:3KOz27AHGGgedo0zpyebtO,https://api.spotify.com/v1/tracks/3KOz27AHGGgedo0zpyebtO,https://api.spotify.com/v1/audio-analysis/3KOz27AHGGgedo0zpyebtO,262583,4
0.488,0.87,6,-5.751,1,0.29,0.471,0.0,0.325,0.928,195.826,audio_features,4kRjGdW0xipXB0aawG0S3p,spotify:track:4kRjGdW0xipXB0aawG0S3p,https://api.spotify.com/v1/tracks/4kRjGdW0xipXB0aawG0S3p,https://api.spotify.com/v1/audio-analysis/4kRjGdW0xipXB0aawG0S3p,219498,4
0.381,0.65,1,-7.692,1,0.333,0.303,0.0,0.0829,0.678,149.546,audio_features,6xsqC5OYqQQXbdTHrfaSmK,spotify:track:6xsqC5OYqQQXbdTHrfaSmK,https://api.spotify.com/v1/tracks/6xsqC5OYqQQXbdTHrfaSmK,https://api.spotify.com/v1/audio-analysis/6xsqC5OYqQQXbdTHrfaSmK,353437,4
0.503,0.596,1,-6.176,1,0.0298,0.139,0.0,0.0649,0.384,62.016,audio_features,289T5hzbOIIb3FqsrQ44tV,spotify:track:289T5hzbOIIb3FqsrQ44tV,https://api.spotify.com/v1/tracks/289T5hzbOIIb3FqsrQ44tV,https://api.spotify.com/v1/audio-analysis/289T5hzbOIIb3FqsrQ44tV,397296,4
0.706,0.781,10,-9.202,1,0.0674,0.707,7.33e-06,0.0846,0.935,157.416,audio_features,4ypOoaZooc9eBWWkg6zYKt,spotify:track:4ypOoaZooc9eBWWkg6zYKt,https://api.spotify.com/v1/tracks/4ypOoaZooc9eBWWkg6zYKt,https://api.spotify.com/v1/audio-analysis/4ypOoaZooc9eBWWkg6zYKt,292415,3
0.545,0.855,4,-5.027,1,0.393,0.333,0.0,0.339,0.611,184.103,audio_features,1VxqeK8kincoHtG9pVzGoh,spotify:track:1VxqeK8kincoHtG9pVzGoh,https://api.spotify.com/v1/tracks/1VxqeK8kincoHtG9pVzGoh,https://api.spotify.com/v1/audio-analysis/1VxqeK8kincoHtG9pVzGoh,198298,4
0.556,0.794,11,-5.02,1,0.0646,0.392,0.000669,0.268,0.776,84.817,audio_features,3LDdEpR2Lu5buohlJDVmuo,spotify:track:3LDdEpR2Lu5buohlJDVmuo,https://api.spotify.com/v1/tracks/3LDdEpR2Lu5buohlJDVmuo,https://api.spotify.com/v1/audio-analysis/3LDdEpR2Lu5buohlJDVmuo,249704,4
0.771,0.203,8,-7.021,1,0.0439,0.961,0.0,0.114,0.722,106.596,audio_features,4in13qm9YsUPsakQBIhXaj,spotify:track:4in13qm9YsUPsakQBIhXaj,https://api.spotify.com/v1/tracks/4in13qm9YsUPsakQBIhXaj,https://api.spotify.com/v1/audio-analysis/4in13qm9YsUPsakQBIhXaj,159180,4
0.205,0.589,3,-8.205,1,0.0379,0.386,1.14e-06,0.0523,0.254,103.971,audio_features,7nBnEzpoGbKwx8SitoRZzT,spotify:track:7nBnEzpoGbKwx8SitoRZzT,https://api.spotify.com/v1/tracks/7nBnEzpoGbKwx8SitoRZzT,https://api.spotify.com/v1/audio-analysis/7nBnEzpoGbKwx8SitoRZzT,462158,4
0.468,0.635,0,-4.276,1,0.0571,0.693,0.0,0.788,0.391,128.779,audio_features,3kQI59a0P3h8jWeEjSy3v5,spotify:track:3kQI59a0P3h8jWeEjSy3v5,https://api.spotify.com/v1/tracks/3kQI59a0P3h8jWeEjSy3v5,https://api.spotify.com/v1/audio-analysis/3kQI59a0P3h8jWeEjSy3v5,113998,3
0.658,0.592,3,-7.42,1,0.0458,0.608,0.0,0.144,0.504,78.584,audio_features,4flkTxcsEpb8p6cfuSuMGx,spotify:track:4flkTxcsEpb8p6cfuSuMGx,https://api.spotify.com/v1/tracks/4flkTxcsEpb8p6cfuSuMGx,https://api.spotify.com/v1/audio-analysis/4flkTxcsEpb8p6cfuSuMGx,229172,4
0.649,0.865,1,-2.723,1,0.131,0.214,0.0,0.105,0.91,110.482,audio_features,5JFPINDmhrs4dhM7JT9LtR,spotify:track:5JFPINDmhrs4dhM7JT9LtR,https://api.spotify.com/v1/tracks/5JFPINDmhrs4dhM7JT9LtR,https://api.spotify.com/v1/audio-analysis/5JFPINDmhrs4dhM7JT9LtR,429977,4
0.537,0.409,11,-6.923,1,0.0249,0.384,0.0,0.103,0.292,104.462,audio_features,5l5625ohpBejOOFUjK91lj,spotify:track:5l5625ohpBejOOFUjK91lj,https://api.spotify.com/v1/tracks/5l5625ohpBejOOFUjK91lj,https://api.spotify.com/v1/audio-analysis/5l5625ohpBejOOFUjK91lj,306913,4
0.621,0.656,3,-8.056,1,0.175,0.548,0.0,0.0989,0.766,76.42,audio_features,7IwvQW7YvovBSkiM5B49L5,spotify:track:7IwvQW7YvovBSkiM5B49L5,https://api.spotify.com/v1/tracks/7IwvQW7YvovBSkiM5B49L5,https://api.spotify.com/v1/audio-analysis/7IwvQW7YvovBSkiM5B49L5,254015,4
0.896,0.693,5,-9.159,1,0.24,0.246,2.51e-06,0.086,0.896,113.512,audio_features,778HE79xRPSvU8ZU4LqTES,spotify:track:778HE79xRPSvU8ZU4LqTES,https://api.spotify.com/v1/tracks/778HE79xRPSvU8ZU4LqTES,https://api.spotify.com/v1/audio-analysis/778HE79xRPSvU8ZU4LqTES,293721,4
0.754,0.679,9,-6.289,1,0.177,0.662,0.0,0.18,0.862,85.002,audio_features,2J3JhnCq1BNdj5V7dg7isL,spotify:track:2J3JhnCq1BNdj5V7dg7isL,https://api.spotify.com/v1/tracks/2J3JhnCq1BNdj5V7dg7isL,https://api.spotify.com/v1/audio-analysis/2J3JhnCq1BNdj5V7dg7isL,335118,4
0.475,0.663,1,-6.108,1,0.0605,0.779,0.000123,0.139,0.905,88.315,audio_features,7o5r89sPyZQXUqHZTPAQSZ,spotify:track:7o5r89sPyZQXUqHZTPAQSZ,https://api.spotify.com/v1/tracks/7o5r89sPyZQXUqHZTPAQSZ,https://api.spotify.com/v1/audio-analysis/7o5r89sPyZQXUqHZTPAQSZ,330214,3
0.822,0.378,1,-9.753,1,0.0422,0.772,0.0,0.0871,0.756,98.01,audio_features,1u2ndHR9yOvAuJ7h83RNKt,spotify:track:1u2ndHR9yOvAuJ7h83RNKt,https://api.spotify.com/v1/tracks/1u2ndHR9yOvAuJ7h83RNKt,https://api.spotify.com/v1/audio-analysis/1u2ndHR9yOvAuJ7h83RNKt,283847,4
0.554,0.598,4,-3.906,1,0.0358,0.519,0.0,0.278,0.632,150.808,audio_features,5kIdfOhpmvwBsZJfVs2oAj,spotify:track:5kIdfOhpmvwBsZJfVs2oAj,https://api.spotify.com/v1/tracks/5kIdfOhpmvwBsZJfVs2oAj,https://api.spotify.com/v1/audio-analysis/5kIdfOhpmvwBsZJfVs2oAj,321437,4
0.569,0.545,8,-8.215,1,0.257,0.761,0.0,0.386,0.82,79.661,audio_features,39RdiuEMU10ic726TRt1QV,spotify:track:39RdiuEMU10ic726TRt1QV,https://api.spotify.com/v1/tracks/39RdiuEMU10ic726TRt1QV,https://api.spotify.com/v1/audio-analysis/39RdiuEMU10ic726TRt1QV,258937,4
0.447,0.638,5,-7.786,1,0.039,0.627,1.99e-06,0.31,0.944,94.043,audio_features,1ZCJCgzLOP0EhF2Ai4itMe,spotify:track:1ZCJCgzLOP0EhF2Ai4itMe,https://api.spotify.com/v1/tracks/1ZCJCgzLOP0EhF2Ai4itMe,https://api.spotify.com/v1/audio-analysis/1ZCJCgzLOP0EhF2Ai4itMe,312059,4
0.7,0.506,0,-9.478,1,0.0283,0.58,0.0,0.119,0.578,120.039,audio_features,3RG3WHWplNUzUvEghXQ0tS,spotify:track:3RG3WHWplNUzUvEghXQ0tS,https://api.spotify.com/v1/tracks/3RG3WHWplNUzUvEghXQ0tS,https://api.spotify.com/v1/audio-analysis/3RG3WHWplNUzUvEghXQ0tS,330841,3
0.548,0.525,6,-5.899,1,0.0322,0.604,2.48e-06,0.527,0.374,109.717,audio_features,7uIxV4dZvuQrf84xUTwEiR,spotify:track:7uIxV4dZvuQrf84xUTwEiR,https://api.spotify.com/v1/tracks/7uIxV4dZvuQrf84xUTwEiR,https://api.spotify.com/v1/audio-analysis/7uIxV4dZvuQrf84xUTwEiR,306887,4
0.844,0.505,3,-9.024,1,0.0565,0.69,0.0,0.215,0.859,105.044,audio_features,60bXI7GpStH5sx3ypByGxF,spotify:track:60bXI7GpStH5sx3ypByGxF,https://api.spotify.com/v1/tracks/60bXI7GpStH5sx3ypByGxF,https://api.spotify.com/v1/audio-analysis/60bXI7GpStH5sx3ypByGxF,226733,3
0.794,0.723,8,-8.638,1,0.0851,0.563,0.126,0.108,0.676,117.981,audio_features,6QcyqTWBGI20p8aF1jizvs,spotify:track:6QcyqTWBGI20p8aF1jizvs,https://api.spotify.com/v1/tracks/6QcyqTWBGI20p8aF1jizvs,https://api.spotify.com/v1/audio-analysis/6QcyqTWBGI20p8aF1jizvs,261303,4
0.592,0.737,6,-3.889,1,0.0334,0.732,3.75e-05,0.0454,0.483,120.023,audio_features,2LPF5tFNzX4ZJPQPDqyxOk,spotify:track:2LPF5tFNzX4ZJPQPDqyxOk,https://api.spotify.com/v1/tracks/2LPF5tFNzX4ZJPQPDqyxOk,https://api.spotify.com/v1/audio-analysis/2LPF5tFNzX4ZJPQPDqyxOk,307448,4
0.628,0.758,8,-6.45,1,0.0492,0.519,0.0,0.0579,0.861,154.436,audio_features,65SihINrp0pcpnHsEnCtHY,spotify:track:65SihINrp0pcpnHsEnCtHY,https://api.spotify.com/v1/tracks/65SihINrp0pcpnHsEnCtHY,https://api.spotify.com/v1/audio-analysis/65SihINrp0pcpnHsEnCtHY,346384,3
0.743,0.59,8,-10.182,1,0.0879,0.733,0.0,0.112,0.828,152.269,audio_features,2goIHcGa8hLRc7iXTR2TmJ,spotify:track:2goIHcGa8hLRc7iXTR2TmJ,https://api.spotify.com/v1/tracks/2goIHcGa8hLRc7iXTR2TmJ,https://api.spotify.com/v1/audio-analysis/2goIHcGa8hLRc7iXTR2TmJ,196780,4
0.806,0.875,7,-3.817,1,0.088,0.0838,0.00192,0.065,0.917,125.063,audio_features,3pDhN3qB33AOPhQEkUCaWt,spotify:track:3pDhN3qB33AOPhQEkUCaWt,https://api.spotify.com/v1/tracks/3pDhN3qB33AOPhQEkUCaWt,https://api.spotify.com/v1/audio-analysis/3pDhN3qB33AOPhQEkUCaWt,224693,4
0.4,0.915,0,-4.89,1,0.28,0.0846,0.0,0.0503,0.878,88.917,audio_features,2a1o6ZejUi8U3wzzOtCOYw,spotify:track:2a1o6ZejUi8U3wzzOtCOYw,https://api.spotify.com/v1/tracks/2a1o6ZejUi8U3wzzOtCOYw,https://api.spotify.com/v1/audio-analysis/2a1o6ZejUi8U3wzzOtCOYw,198773,3
0.82,0.937,5,-4.81,0,0.0542,0.139,7.51e-05,0.325,0.922,131.006,audio_features,6kQz6t5z1FK4uohPh8Kd73,spotify:track:6kQz6t5z1FK4uohPh8Kd73,https://api.spotify.com/v1/tracks/6kQz6t5z1FK4uohPh8Kd73,https://api.spotify.com/v1/audio-analysis/6kQz6t5z1FK4uohPh8Kd73,238227,4
0.777,0.774,8,-3.079,0,0.0553,0.0895,0.000401,0.0909,0.661,123.982,audio_features,5KbBVSj6AJZ5662fO8EYFh,spotify:track:5KbBVSj6AJZ5662fO8EYFh,https://api.spotify.com/v1/tracks/5KbBVSj6AJZ5662fO8EYFh,https://api.spotify.com/v1/audio-analysis/5KbBVSj6AJZ5662fO8EYFh,189669,4
0.594,0.749,9,-5.298,0,0.056,0.0338,0.00106,0.3,0.694,179.968,audio_features,5YUyW9opqNsMSEzzecZih1,spotify:track:5YUyW9opqNsMSEzzecZih1,https://api.spotify.com/v1/tracks/5YUyW9opqNsMSEzzecZih1,https://api.spotify.com/v1/audio-analysis/5YUyW9opqNsMSEzzecZih1,172854,4
0.893,0.823,5,-3.708,0,0.122,0.0722,0.0,0.0515,0.901,128.011,audio_features,5qiIxojpo8YTFgOOcDuOaB,spotify:track:5qiIxojpo8YTFgOOcDuOaB,https://api.spotify.com/v1/tracks/5qiIxojpo8YTFgOOcDuOaB,https://api.spotify.com/v1/audio-analysis/5qiIxojpo8YTFgOOcDuOaB,245467,4
0.671,0.939,8,-3.206,1,0.161,0.191,0.0,0.298,0.53,129.024,audio_features,4QNpBfC0zvjKqPJcyqBy9W,spotify:track:4QNpBfC0zvjKqPJcyqBy9W,https://api.spotify.com/v1/tracks/4QNpBfC0zvjKqPJcyqBy9W,https://api.spotify.com/v1/audio-analysis/4QNpBfC0zvjKqPJcyqBy9W,252307,4
0.817,0.851,11,-3.309,0,0.0627,0.0351,0.0,0.232,0.886,127.019,audio_features,1MB8kTH7VKvAMfL9SHgJmG,spotify:track:1MB8kTH7VKvAMfL9SHgJmG,https://api.spotify.com/v1/tracks/1MB8kTH7VKvAMfL9SHgJmG,https://api.spotify.com/v1/audio-analysis/1MB8kTH7VKvAMfL9SHgJmG,215600,4
0.725,0.903,0,-2.955,1,0.0658,0.0344,0.0,0.183,0.946,142.006,audio_features,00i0O74dXdaKKdCrqHnfXm,spotify:track:00i0O74dXdaKKdCrqHnfXm,https://api.spotify.com/v1/tracks/00i0O74dXdaKKdCrqHnfXm,https://api.spotify.com/v1/audio-analysis/00i0O74dXdaKKdCrqHnfXm,211680,4
0.845,0.797,1,-4.984,1,0.139,0.0582,5.57e-06,0.167,0.422,121.985,audio_features,7fZBQnc0zXwVybgCIrQQil,spotify:track:7fZBQnc0zXwVybgCIrQQil,https://api.spotify.com/v1/tracks/7fZBQnc0zXwVybgCIrQQil,https://api.spotify.com/v1/audio-analysis/7fZBQnc0zXwVybgCIrQQil,151475,4
0.756,0.789,2,-7.002,1,0.0324,0.53,0.000711,0.157,0.873,127.987,audio_features,5k5fWendNngd89O8JKoE8L,spotify:track:5k5fWendNngd89O8JKoE8L,https://api.spotify.com/v1/tracks/5k5fWendNngd89O8JKoE8L,https://api.spotify.com/v1/audio-analysis/5k5fWendNngd89O8JKoE8L,176267,4
0.65,0.715,5,-5.198,0,0.253,0.0993,0.000291,0.126,0.187,106.672,audio_features,1IHWl5LamUGEuP4ozKQSXZ,spotify:track:1IHWl5LamUGEuP4ozKQSXZ,https://api.spotify.com/v1/tracks/1IHWl5LamUGEuP4ozKQSXZ,https://api.spotify.com/v1/audio-analysis/1IHWl5LamUGEuP4ozKQSXZ,243717,4
0.745,0.836,5,-4.336,0,0.0444,0.145,0.00314,0.116,0.874,96.993,audio_features,2AY1UAimvTqjJC8vDJsOyy,spotify:track:2AY1UAimvTqjJC8vDJsOyy,https://api.spotify.com/v1/tracks/2AY1UAimvTqjJC8vDJsOyy,https://api.spotify.com/v1/audio-analysis/2AY1UAimvTqjJC8vDJsOyy,203187,4
0.73,0.777,3,-5.194,0,0.0496,0.105,0.000478,0.0691,0.575,130.0,audio_features,3C0nOe05EIt1390bVABLyN,spotify:track:3C0nOe05EIt1390bVABLyN,https://api.spotify.com/v1/tracks/3C0nOe05EIt1390bVABLyN,https://api.spotify.com/v1/audio-analysis/3C0nOe05EIt1390bVABLyN,284867,4
0.738,0.927,9,-5.439,1,0.101,0.23,0.00515,0.684,0.665,170.011,audio_features,7neWp4incUBLP1XQTNWmP0,spotify:track:7neWp4incUBLP1XQTNWmP0,https://api.spotify.com/v1/tracks/7neWp4incUBLP1XQTNWmP0,https://api.spotify.com/v1/audio-analysis/7neWp4incUBLP1XQTNWmP0,255533,4
0.765,0.659,11,-5.059,0,0.0825,0.0892,3.83e-05,0.149,0.567,132.066,audio_features,2df5CkXBJO7jTGXm54dFJy,spotify:track:2df5CkXBJO7jTGXm54dFJy,https://api.spotify.com/v1/tracks/2df5CkXBJO7jTGXm54dFJy,https://api.spotify.com/v1/audio-analysis/2df5CkXBJO7jTGXm54dFJy,203636,4
0.76,0.652,6,-7.321,1,0.232,0.0348,0.0,0.307,0.759,100.315,audio_features,5l3CML2OnzfNs5RfVgbcLt,spotify:track:5l3CML2OnzfNs5RfVgbcLt,https://api.spotify.com/v1/tracks/5l3CML2OnzfNs5RfVgbcLt,https://api.spotify.com/v1/audio-analysis/5l3CML2OnzfNs5RfVgbcLt,177685,4
0.595,0.912,10,-3.428,0,0.0884,0.0434,0.0,0.259,0.762,128.024,audio_features,3rfhI32Il2hVRKDkuGeeen,spotify:track:3rfhI32Il2hVRKDkuGeeen,https://api.spotify.com/v1/tracks/3rfhI32Il2hVRKDkuGeeen,https://api.spotify.com/v1/audio-analysis/3rfhI32Il2hVRKDkuGeeen,234453,4
0.862,0.753,5,-5.356,1,0.0625,0.131,2.01e-06,0.077,0.827,105.039,audio_features,7MC4XR9M9amdmKQr2iDF7i,spotify:track:7MC4XR9M9amdmKQr2iDF7i,https://api.spotify.com/v1/tracks/7MC4XR9M9amdmKQr2iDF7i,https://api.spotify.com/v1/audio-analysis/7MC4XR9M9amdmKQr2iDF7i,182857,4
0.896,0.675,1,-3.908,1,0.124,0.346,8.11e-06,0.262,0.659,131.999,audio_features,6k2900NjJeVqZM55G3Danu,spotify:track:6k2900NjJeVqZM55G3Danu,https://api.spotify.com/v1/tracks/6k2900NjJeVqZM55G3Danu,https://api.spotify.com/v1/audio-analysis/6k2900NjJeVqZM55G3Danu,213989,4
0.788,0.873,7,-2.322,1,0.117,0.00607,0.00052,0.0908,0.703,91.981,audio_features,79zvVrn65ksbiGQxrtV4I5,spotify:track:79zvVrn65ksbiGQxrtV4I5,https://api.spotify.com/v1/tracks/79zvVrn65ksbiGQxrtV4I5,https://api.spotify.com/v1/audio-analysis/79zvVrn65ksbiGQxrtV4I5,193613,4
0.602,0.91,7,-3.404,1,0.0308,0.00126,0.000174,0.12,0.228,127.944,audio_features,3BKD1PwArikchz2Zrlp1qi,spotify:track:3BKD1PwArikchz2Zrlp1qi,https://api.spotify.com/v1/tracks/3BKD1PwArikchz2Zrlp1qi,https://api.spotify.com/v1/audio-analysis/3BKD1PwArikchz2Zrlp1qi,140018,4
0.924,0.723,8,-3.142,1,0.0466,0.0177,2.61e-05,0.113,0.643,126.998,audio_features,1q0PYXTbDsirp2l74ng6pn,spotify:track:1q0PYXTbDsirp2l74ng6pn,https://api.spotify.com/v1/tracks/1q0PYXTbDsirp2l74ng6pn,https://api.spotify.com/v1/audio-analysis/1q0PYXTbDsirp2l74ng6pn,130667,4
0.622,0.807,5,-6.752,0,0.408,0.103,0.0,0.306,0.892,174.06,audio_features,6x4tKaOzfNJpEJHySoiJcs,spotify:track:6x4tKaOzfNJpEJHySoiJcs,https://api.spotify.com/v1/tracks/6x4tKaOzfNJpEJHySoiJcs,https://api.spotify.com/v1/audio-analysis/6x4tKaOzfNJpEJHySoiJcs,220293,4
0.792,0.856,11,-5.236,0,0.067,0.0159,2.88e-06,0.0981,0.714,127.988,audio_features,2xnoPV3NLescauc0ZJ1MDZ,spotify:track:2xnoPV3NLescauc0ZJ1MDZ,https://api.spotify.com/v1/tracks/2xnoPV3NLescauc0ZJ1MDZ,https://api.spotify.com/v1/audio-analysis/2xnoPV3NLescauc0ZJ1MDZ,237267,4
0.807,0.789,11,-5.237,0,0.0769,0.0611,0.0,0.722,0.808,129.992,audio_features,6eJUG282cUKuIoa72sEsqO,spotify:track:6eJUG282cUKuIoa72sEsqO,https://api.spotify.com/v1/tracks/6eJUG282cUKuIoa72sEsqO,https://api.spotify.com/v1/audio-analysis/6eJUG282cUKuIoa72sEsqO,167787,4
0.602,0.892,10,-3.66,0,0.0672,0.000393,0.813,0.304,0.57,102.047,audio_features,3dsyqPDiWYYilRZNBxgxHE,spotify:track:3dsyqPDiWYYilRZNBxgxHE,https://api.spotify.com/v1/tracks/3dsyqPDiWYYilRZNBxgxHE,https://api.spotify.com/v1/audio-analysis/3dsyqPDiWYYilRZNBxgxHE,194490,4
0.72,0.909,8,-3.258,0,0.0952,0.0904,0.0,0.137,0.877,91.022,audio_features,5adqS3stLaSPAEOszOnpXG,spotify:track:5adqS3stLaSPAEOszOnpXG,https://api.spotify.com/v1/tracks/5adqS3stLaSPAEOszOnpXG,https://api.spotify.com/v1/audio-analysis/5adqS3stLaSPAEOszOnpXG,199693,4
0.817,0.733,2,-6.009,1,0.145,0.0152,4.31e-05,0.107,0.833,127.056,audio_features,13plQdOoWSSXPRUSZc5FuM,spotify:track:13plQdOoWSSXPRUSZc5FuM,https://api.spotify.com/v1/tracks/13plQdOoWSSXPRUSZc5FuM,https://api.spotify.com/v1/audio-analysis/13plQdOoWSSXPRUSZc5FuM,237120,4
0.733,0.897,0,-3.652,1,0.0389,0.0391,0.0,0.117,0.649,96.006,audio_features,0mlAOSILGRys2IbvyOT5VJ,spotify:track:0mlAOSILGRys2IbvyOT5VJ,https://api.spotify.com/v1/tracks/0mlAOSILGRys2IbvyOT5VJ,https://api.spotify.com/v1/audio-analysis/0mlAOSILGRys2IbvyOT5VJ,173800,4
0.856,0.609,0,-7.223,1,0.0824,0.00801,8.15e-05,0.0344,0.928,114.988,audio_features,32OlwWuMpZ6b0aN2RZOeMS,spotify:track:32OlwWuMpZ6b0aN2RZOeMS,https://api.spotify.com/v1/tracks/32OlwWuMpZ6b0aN2RZOeMS,https://api.spotify.com/v1/audio-analysis/32OlwWuMpZ6b0aN2RZOeMS,269667,4
0.72,0.63,4,-3.547,0,0.277,0.673,0.0,0.0936,0.607,179.974,audio_features,0DWdj2oZMBFSzRsi2Cvfzf,spotify:track:0DWdj2oZMBFSzRsi2Cvfzf,https://api.spotify.com/v1/tracks/0DWdj2oZMBFSzRsi2Cvfzf,https://api.spotify.com/v1/audio-analysis/0DWdj2oZMBFSzRsi2Cvfzf,199440,4
0.706,0.842,0,-4.628,0,0.038,0.0476,0.0,0.134,0.818,104.958,audio_features,71R6zJsrF3ffc3TBFHfivX,spotify:track:71R6zJsrF3ffc3TBFHfivX,https://api.spotify.com/v1/tracks/71R6zJsrF3ffc3TBFHfivX,https://api.spotify.com/v1/audio-analysis/71R6zJsrF3ffc3TBFHfivX,224720,4
0.759,0.716,11,-6.36,0,0.0818,0.0223,0.0,0.231,0.469,105.021,audio_features,1DoK3CdipMjplLk5LXUdcp,spotify:track:1DoK3CdipMjplLk5LXUdcp,https://api.spotify.com/v1/tracks/1DoK3CdipMjplLk5LXUdcp,https://api.spotify.com/v1/audio-analysis/1DoK3CdipMjplLk5LXUdcp,209733,4
0.778,0.571,9,-4.776,0,0.0788,0.0423,0.0,0.0964,0.554,134.999,audio_features,5zNxUkUW9WiV5oyg6gh2wB,spotify:track:5zNxUkUW9WiV5oyg6gh2wB,https://api.spotify.com/v1/tracks/5zNxUkUW9WiV5oyg6gh2wB,https://api.spotify.com/v1/audio-analysis/5zNxUkUW9WiV5oyg6gh2wB,110222,4
0.482,0.792,2,-5.861,0,0.0859,0.182,0.0,0.744,0.572,154.932,audio_features,7JKptWv4YXmievid0HajID,spotify:track:7JKptWv4YXmievid0HajID,https://api.spotify.com/v1/tracks/7JKptWv4YXmievid0HajID,https://api.spotify.com/v1/audio-analysis/7JKptWv4YXmievid0HajID,166537,4
0.703,0.66,10,-5.119,0,0.123,0.137,0.0,0.192,0.79,95.033,audio_features,4wqIXeDppYSMXaWsnTzpzT,spotify:track:4wqIXeDppYSMXaWsnTzpzT,https://api.spotify.com/v1/tracks/4wqIXeDppYSMXaWsnTzpzT,https://api.spotify.com/v1/audio-analysis/4wqIXeDppYSMXaWsnTzpzT,198947,4
0.663,0.92,11,-4.07,0,0.226,0.00431,1.69e-05,0.101,0.533,99.935,audio_features,7DM4BPaS7uofFul3ywMe46,spotify:track:7DM4BPaS7uofFul3ywMe46,https://api.spotify.com/v1/tracks/7DM4BPaS7uofFul3ywMe46,https://api.spotify.com/v1/audio-analysis/7DM4BPaS7uofFul3ywMe46,259196,4
0.713,0.836,6,-4.758,0,0.126,0.0133,0.0,0.237,0.683,129.989,audio_features,22bZVqJfATps2ETj7017Ms,spotify:track:22bZVqJfATps2ETj7017Ms,https://api.spotify.com/v1/tracks/22bZVqJfATps2ETj7017Ms,https://api.spotify.com/v1/audio-analysis/22bZVqJfATps2ETj7017Ms,154376,4
0.761,0.933,10,-5.38,1,0.056,0.0908,8.53e-05,0.0607,0.836,122.959,audio_features,4Y7XAxTANhu3lmnLAzhWJW,spotify:track:4Y7XAxTANhu3lmnLAzhWJW,https://api.spotify.com/v1/tracks/4Y7XAxTANhu3lmnLAzhWJW,https://api.spotify.com/v1/audio-analysis/4Y7XAxTANhu3lmnLAzhWJW,236200,4
0.758,0.686,11,-6.346,1,0.0792,0.0848,0.00127,0.142,0.444,130.007,audio_features,0Oe49j06Bjrxs8PltuVeaW,spotify:track:0Oe49j06Bjrxs8PltuVeaW,https://api.spotify.com/v1/tracks/0Oe49j06Bjrxs8PltuVeaW,https://api.spotify.com/v1/audio-analysis/0Oe49j06Bjrxs8PltuVeaW,230907,4
0.655,0.797,2,-4.787,1,0.153,0.198,0.0,0.067,0.839,177.928,audio_features,6habFhsOp2NvshLv26DqMb,spotify:track:6habFhsOp2NvshLv26DqMb,https://api.spotify.com/v1/tracks/6habFhsOp2NvshLv26DqMb,https://api.spotify.com/v1/audio-analysis/6habFhsOp2NvshLv26DqMb,229360,4
0.73,0.87,1,-3.718,0,0.0561,0.0272,2.9e-06,0.45,0.184,132.011,audio_features,6KHxe3Yj8W8oq3zviUvJRe,spotify:track:6KHxe3Yj8W8oq3zviUvJRe,https://api.spotify.com/v1/tracks/6KHxe3Yj8W8oq3zviUvJRe,https://api.spotify.com/v1/audio-analysis/6KHxe3Yj8W8oq3zviUvJRe,172727,4
0.734,0.933,11,-4.639,0,0.0578,0.0375,0.0,0.302,0.935,120.987,audio_features,6oyl7ELfrMqXLhGmIjXY9R,spotify:track:6oyl7ELfrMqXLhGmIjXY9R,https://api.spotify.com/v1/tracks/6oyl7ELfrMqXLhGmIjXY9R,https://api.spotify.com/v1/audio-analysis/6oyl7ELfrMqXLhGmIjXY9R,218413,4
0.864,0.783,7,-3.814,1,0.114,0.00662,3.99e-06,0.291,0.545,114.973,audio_features,4vAMy0dxoyoIHGuIgKqcwm,spotify:track:4vAMy0dxoyoIHGuIgKqcwm,https://api.spotify.com/v1/tracks/4vAMy0dxoyoIHGuIgKqcwm,https://api.spotify.com/v1/audio-analysis/4vAMy0dxoyoIHGuIgKqcwm,166427,4
0.903,0.907,9,-3.946,0,0.0726,0.137,4.15e-05,0.0686,0.868,105.981,audio_features,6Ds2mSfCcXskyuUcKnh5kK,spotify:track:6Ds2mSfCcXskyuUcKnh5kK,https://api.spotify.com/v1/tracks/6Ds2mSfCcXskyuUcKnh5kK,https://api.spotify.com/v1/audio-analysis/6Ds2mSfCcXskyuUcKnh5kK,248560,4
0.657,0.827,5,-4.036,1,0.0734,0.000704,0.00534,0.065,0.69,145.889,audio_features,26rdOwwjC2UnweK3xeS58u,spotify:track:26rdOwwjC2UnweK3xeS58u,https://api.spotify.com/v1/tracks/26rdOwwjC2UnweK3xeS58u,https://api.spotify.com/v1/audio-analysis/26rdOwwjC2UnweK3xeS58u,190186,4
0.722,0.738,9,-6.073,0,0.247,0.328,1.47e-05,0.198,0.748,198.075,audio_features,5cepAtqnEQ6yVG6088zMMu,spotify:track:5cepAtqnEQ6yVG6088zMMu,https://api.spotify.com/v1/tracks/5cepAtqnEQ6yVG6088zMMu,https://api.spotify.com/v1/audio-analysis/5cepAtqnEQ6yVG6088zMMu,184720,4
0.756,0.697,8,-6.377,1,0.0401,0.182,0.0,0.333,0.956,94.996,audio_features,2DB4DdfCFMw1iaR6JaR03a,spotify:track:2DB4DdfCFMw1iaR6JaR03a,https://api.spotify.com/v1/tracks/2DB4DdfCFMw1iaR6JaR03a,https://api.spotify.com/v1/audio-analysis/2DB4DdfCFMw1iaR6JaR03a,206071,4
0.914,0.622,7,-6.538,1,0.0892,0.146,1.68e-05,0.0632,0.77,130.04,audio_features,53tfEupEzQRtVFOeZvk7xq,spotify:track:53tfEupEzQRtVFOeZvk7xq,https://api.spotify.com/v1/tracks/53tfEupEzQRtVFOeZvk7xq,https://api.spotify.com/v1/audio-analysis/53tfEupEzQRtVFOeZvk7xq,156788,4
